Model,MAE,MSE,R2
LSTM,284.5747613408299,171565.23008816704,0.955692931141041
