Model,MAE,MSE,R2
LSTM,286.6253758054791,173153.22274020268,0.955282828815849
